Domain,Status,Attractiveness,Demand,Length,Sectors,Created,Expires,Registrar
one.studio,resell,132,44%,3,"Business,General,Media,Technology",19/01/2025 19:30,19/01/2026 19:30,Porkbun LLC
second.studio,resell,120,23%,6,"General,Mathematics",09/10/2024 15:15,09/10/2025 15:15,"Xiamen ChinaSource Internet Service Co., Ltd"
flat.studio,available,116,24%,4,"Construction,Real Estate",,,
abiding.studio,available,106,5%,7,"General,Religion",,,
teen.studio,available,104,14%,4,"Education,Entertainment,Healthcare",,,
absent.studio,expired,102,8%,6,"Business,Education,Technology",24/06/2023 10:07,24/06/2025 10:07,"NameCheap, Inc."
ninth.studio,resell,100,9%,5,Mathematics,18/11/2024 17:00,18/11/2025 17:00,"Sav.com, LLC - 47"
third.studio,resell,100,16%,5,Mathematics,25/04/2023 15:15,25/04/2026 15:15,"Spaceship, Inc."
abrupt.studio,available,100,3%,6,"Medicine,Science",,,
adjunct.studio,expired,100,5%,7,Education,02/07/2017 03:42,02/07/2025 03:42,"Name.com, Inc."
doable.studio,available,96,9%,6,"Business,Education,Technology",,,
forgiving.studio,available,96,3%,9,"Healthcare,Religion",,,
adequate.studio,available,94,9%,8,"Education,Healthcare,Technology",,,
abject.studio,available,94,7%,6,Humanities,,,
twentieth.studio,available,92,3%,9,Mathematics,,,
derelict.studio,expiring,92,7%,8,"Construction,Real Estate",22/08/2024 17:26,22/08/2025 17:26,Porkbun LLC
nought.studio,available,92,4%,6,Mathematics,,,
abortive.studio,available,90,1%,8,"Medicine,Science",,,
adoring.studio,available,90,2%,7,"Entertainment,Fashion,Retail",,,
gripping.studio,available,90,3%,8,"Entertainment,Media,Technology",,,
endearing.studio,available,90,1%,9,"Entertainment,Fashion,Retail",,,
leash.studio,available,90,7%,5,"General,Health and Fitness,Retail",,,
wide.studio,resell,88,18%,4,"Business,Media,Technology",16/02/2024 17:04,16/02/2026 17:04,"Chengdu West Dimension Digital Technology Co., Ltd."
proficient.studio,available,88,8%,10,"Education,Health and Fitness,Sports",,,
actionable.studio,available,88,13%,10,"Business,Law",,,
ace.studio,resell,88,34%,3,Sports,22/05/2023 05:40,22/05/2026 05:40,"GoDaddy.com, LLC"
extempore.studio,available,86,3%,9,Entertainment,,,
aboriginal.studio,expiring,86,10%,10,Humanities,01/09/2019 10:31,01/09/2025 10:31,"GoDaddy.com, LLC"
engrossing.studio,available,86,0%,10,"Entertainment,Media,Technology",,,
xiv.studio,available,86,12%,3,Mathematics,,,
adolescent.studio,available,86,3%,10,"Education,Entertainment,Healthcare",,,
attendant.studio,available,86,5%,9,"Healthcare,Hospitality,Transportation",,,
xix.studio,available,86,11%,3,Mathematics,,,
recondite.studio,available,86,4%,9,"Arts,Humanities,Science",,,
acting.studio,available,84,12%,6,Entertainment,,,
adjustable.studio,available,84,3%,10,"Manufacturing,Retail,Technology",,,
twentyone.studio,available,84,13%,10,Mathematics,,,
accessory.studio,available,84,8%,9,"Fashion,Retail,Technology",,,
seventeen.studio,available,84,7%,9,Mathematics,,,
sharp.studio,expiring,84,34%,5,"Arts,Fashion",11/09/2019 16:56,11/09/2025 16:56,Squarespace Domains II LLC
absorbent.studio,available,82,3%,9,"Healthcare,Manufacturing,Retail",,,
abenaki.studio,available,82,2%,7,Geography,,,
abroach.studio,available,82,1%,7,Food and Beverage,,,
abkhaz.studio,available,82,1%,6,Geography,,,
abdominal.studio,available,82,1%,9,"Health and Fitness,Medicine",,,
cleansing.studio,available,82,3%,9,Health and Fitness,,,
impromptu.studio,resell,82,16%,9,Entertainment,21/12/2015 04:07,21/12/2025 04:07,"Name.com, Inc."
fivesome.studio,available,82,1%,8,Sports,,,
absolute.studio,resell,80,25%,8,"Engineering,Mathematics,Science",17/04/2024 15:15,17/04/2026 15:15,"Spaceship, Inc."
worshipful.studio,available,80,1%,10,"Education,Healthcare,Religion",,,
forty.studio,expiring,80,9%,5,Mathematics,12/09/2024 17:00,12/09/2025 17:00,"Xiamen ChinaSource Internet Service Co., Ltd"
absorbable.studio,available,80,0%,10,"Healthcare,Pharmaceuticals,Science",,,
adoptable.studio,available,80,3%,9,"Education,Healthcare",,,
sequent.studio,available,80,7%,7,"Healthcare,Insurance,Transportation",,,
able.studio,resell,80,29%,4,"Business,Education,General,Technology",29/07/2024 15:15,29/07/2026 15:15,"Sav.com, LLC - 1"
wiz.studio,expiring,80,30%,3,"Business,Education,Technology",09/09/2020 10:54,09/09/2025 10:54,"NameCheap, Inc."
recognized.studio,available,78,3%,10,"Business,Education,Technology",,,
abounding.studio,available,78,2%,9,Agriculture,,,
abkhasian.studio,available,78,1%,9,Geography,,,
recognised.studio,available,78,3%,10,"Business,Education,Technology",,,
acceptant.studio,available,78,1%,9,"Education,Healthcare",,,
acceptable.studio,available,78,5%,10,"Business,Hospitality,Retail",,,
accepted.studio,available,78,6%,8,"Business,Education,Technology",,,
adrenal.studio,available,78,4%,7,"Education,Healthcare,Science",,,
dormant.studio,available,78,4%,7,"Medicine,Science",,,
abkhazian.studio,available,78,1%,9,Geography,,,
absorptive.studio,available,78,1%,10,"Healthcare,Manufacturing,Retail",,,
nineteenth.studio,available,76,3%,10,Mathematics,,,
adipose.studio,available,76,2%,7,"Healthcare,Science",,,
energizing.studio,available,76,3%,10,"Food and Beverage,Health and Fitness,Travel",,,
fourteenth.studio,available,76,1%,10,Mathematics,,,
fifteenth.studio,available,76,2%,9,Mathematics,,,
firstrate.studio,available,76,6%,10,Business,,,
thousandth.studio,available,76,1%,10,Mathematics,,,
hundredth.studio,available,76,1%,9,Mathematics,,,
adherent.studio,available,76,4%,8,"Politics,Religion",,,
resultant.studio,available,76,2%,9,"Healthcare,Insurance,Transportation",,,
incidental.studio,available,76,4%,10,"Healthcare,Insurance,Transportation",,,
addable.studio,available,76,2%,7,"Engineering,Mathematics,Science",,,
acoustic.studio,available,76,14%,8,Science,,,
diamond.studio,available,76,32%,7,Fashion,,,
abrasive.studio,available,76,6%,8,"Construction,Manufacturing",,,
manageable.studio,available,74,4%,10,"Business,Education,Technology",,,
adenoid.studio,available,74,1%,7,"Health and Fitness,Medicine,Science",,,
single.studio,available,74,19%,6,Sports,,,
mavin.studio,available,74,7%,5,"Entertainment,Fashion,Technology",,,
acuate.studio,available,74,2%,6,"Engineering,Medicine,Science",,,
accepting.studio,available,74,3%,9,"Education,Healthcare",,,
broad.studio,resell,74,13%,5,"Entertainment,General,Media",27/01/2020 12:23,27/01/2026 12:23,"DNSPod, Inc."
cleared.studio,available,74,7%,7,"Healthcare,Law,Transportation",,,
aberrant.studio,available,74,6%,8,"Medicine,Science",,,
adrenergic.studio,available,74,1%,10,"Education,Healthcare,Science",,,
realizable.studio,available,74,1%,10,"Business,Education,Technology",,,
skilful.studio,available,74,3%,7,"Education,Health and Fitness,Sports",,,
achievable.studio,available,74,4%,10,"Business,Education,Technology",,,
admirable.studio,available,74,5%,9,"Business,Education,Healthcare",,,
adamant.studio,available,74,14%,7,Religion,,,
aching.studio,available,72,4%,6,Healthcare,,,
adaptative.studio,available,72,1%,10,"Business,Education,Technology",,,
eightieth.studio,available,72,1%,9,Mathematics,,,
accusative.studio,available,72,0%,10,"Humanities,Law",,,
engrossed.studio,available,72,1%,9,"Entertainment,Media,Technology",,,
adonic.studio,available,72,2%,6,"Arts,Education,Entertainment",,,
abloom.studio,available,72,5%,6,Agriculture,,,
accustomed.studio,available,72,1%,10,"Business,Education,Humanities",,,
adjunctive.studio,available,72,1%,10,"Healthcare,Manufacturing,Technology",,,
seventieth.studio,available,72,1%,10,Mathematics,,,
abreast.studio,available,72,2%,7,"Business,Technology",,,
sixtieth.studio,available,72,1%,8,Mathematics,,,
absolutist.studio,available,72,1%,10,"Humanities,Law,Politics",,,
ninetieth.studio,available,72,1%,9,Mathematics,,,
improvize.studio,available,72,1%,9,Entertainment,,,
adiabatic.studio,available,72,3%,9,"Engineering,Science",,,
absorbed.studio,available,72,2%,8,"Entertainment,Media,Technology",,,
adjectival.studio,available,72,1%,10,Education,,,
admired.studio,available,70,5%,7,"Business,Education,Healthcare",,,
accumbent.studio,available,70,1%,9,"Healthcare,Medicine,Science",,,
gymnastic.studio,available,70,3%,9,"Entertainment,Sports",,,
recumbent.studio,available,70,2%,9,"Healthcare,Medicine,Science",,,
acuminate.studio,available,70,1%,9,"Engineering,Medicine,Science",,,
abulic.studio,available,70,1%,6,Medicine,,,
unity.studio,resell,70,40%,5,Mathematics,17/09/2020 10:57,17/09/2025 10:57,Dynadot Inc
adored.studio,available,70,6%,6,"Entertainment,Fashion,Retail",,,
miserable.studio,available,70,4%,9,Humanities,,,
absorbing.studio,available,70,3%,9,"Entertainment,Media,Technology",,,
consequent.studio,available,70,3%,10,"Business,Education,General,Technology",,,
lowdown.studio,available,70,6%,8,"Entertainment,Media",,,
practiced.studio,available,70,3%,9,"Education,Health and Fitness,Sports",,,
skillful.studio,available,70,9%,8,"Education,Health and Fitness,Sports",,,
abradant.studio,available,70,1%,8,"Construction,Manufacturing",,,
adamantine.studio,available,70,4%,10,Religion,,,
adjusted.studio,available,70,5%,8,"Manufacturing,Retail,Technology",,,
stillborn.studio,available,70,2%,9,"Medicine,Science",,,
foursome.studio,available,68,4%,8,Sports,,,
thirtieth.studio,available,68,1%,9,Mathematics,,,
acerate.studio,available,68,1%,7,Science,,,
decorated.studio,available,68,3%,9,"Entertainment,Fashion,Retail",,,
achaian.studio,available,68,2%,7,Humanities,,,
licenced.studio,available,68,2%,8,"Business,Healthcare,Insurance",,,
threesome.studio,available,68,5%,9,Entertainment,,,
aberdonian.studio,available,68,1%,10,Geography,,,
octonary.studio,available,68,1%,8,Mathematics,,,
aculeate.studio,available,68,1%,8,"Engineering,Medicine,Science",,,
licensed.studio,available,68,5%,8,"Business,Healthcare,Insurance",,,
accredited.studio,available,68,9%,10,"Business,Education,Healthcare",,,
abkhas.studio,available,68,0%,6,Geography,,,
fortieth.studio,available,68,0%,8,Mathematics,,,
abnaki.studio,available,68,1%,6,Geography,,,
scurvy.studio,available,68,3%,6,Humanities,,,
activating.studio,available,68,3%,10,"Healthcare,Manufacturing,Technology",,,
vindicated.studio,available,68,2%,10,"Humanities,Law,Politics",,,
achaean.studio,available,68,2%,7,Humanities,,,
aroused.studio,available,68,3%,7,"Entertainment,Health and Fitness",,,
ennead.studio,available,68,5%,6,Mathematics,,,
fiftieth.studio,available,68,0%,8,Mathematics,,,
septenary.studio,available,68,1%,9,Mathematics,,,
abducent.studio,available,68,0%,8,Medicine,,,
ablative.studio,available,68,3%,8,Science,,,
stygian.studio,available,68,5%,7,Humanities,,,
disciple.studio,available,68,14%,8,"Education,Religion",,,
abstinent.studio,available,66,1%,9,"Health and Fitness,Religion",,,
exonerated.studio,available,66,2%,10,"Humanities,Law,Politics",,,
according.studio,available,66,3%,9,"Business,Education,Technology",,,
adorned.studio,available,66,5%,7,"Entertainment,Fashion,Retail",,,
buzzing.studio,available,66,7%,7,"Entertainment,Media,Technology",,,
adopted.studio,available,66,4%,7,"Education,Healthcare",,,
maven.studio,resell,66,30%,5,"Entertainment,Fashion,Technology",17/05/2024 15:15,17/05/2026 15:15,"Sav.com, LLC - 22"
performing.studio,available,66,6%,10,Entertainment,,,
sextet.studio,available,66,1%,6,Entertainment,,,
teenager.studio,available,66,4%,8,"Education,Entertainment,Healthcare",,,
acervate.studio,available,66,1%,8,Science,,,
modish.studio,available,66,5%,6,Fashion,,,
clv.studio,available,66,10%,3,Mathematics,,,
xxv.studio,available,66,6%,3,Mathematics,,,
onec.studio,available,66,6%,5,Mathematics,,,
thirty.studio,available,66,8%,6,Mathematics,,,
accessary.studio,available,66,1%,9,"Business,Law,Technology",,,
xvii.studio,available,66,5%,4,Mathematics,,,
tenner.studio,available,66,5%,6,Finance,,,
xxvi.studio,available,66,3%,4,Mathematics,,,
nondrinker.studio,available,64,1%,10,"Health and Fitness,Religion",,,
acentric.studio,available,64,2%,8,Science,,,
absolved.studio,available,64,1%,8,"Humanities,Law,Religion",,,
accordant.studio,available,64,3%,9,"Arts,Entertainment",,,
scatty.studio,available,64,1%,6,"Arts,Entertainment,Media",,,
astringent.studio,available,64,1%,10,"Healthcare,Pharmaceuticals",,,
aflame.studio,available,64,3%,6,Entertainment,,,
rising.studio,resell,64,18%,6,"Construction,Manufacturing,Real Estate",02/07/2025 15:15,02/07/2026 15:15,"Xiamen ChinaSource Internet Service Co., Ltd"
quartet.studio,available,62,7%,7,"Arts,Entertainment",,,
eighteenth.studio,available,62,1%,10,Mathematics,,,
nail.studio,available,62,16%,4,"Construction,Fashion,General,Retail",,,
adoptive.studio,available,62,1%,8,"Education,Healthcare",,,
admissible.studio,available,62,1%,10,"Education,Healthcare,Law",,,
aufait.studio,available,62,3%,7,"Fashion,Media",,,
sixteenth.studio,available,62,1%,9,Mathematics,,,
activistic.studio,available,62,1%,10,"Humanities,Politics",,,
accrued.studio,available,62,2%,7,"Banking,Finance,Insurance",,,
ensuant.studio,available,62,1%,7,"Healthcare,Insurance,Transportation",,,
exculpated.studio,available,62,1%,10,"Humanities,Law,Politics",,,
longdozen.studio,available,62,2%,10,Mathematics,,,
aborigine.studio,available,62,1%,9,Humanities,,,
accusing.studio,available,62,1%,8,Law,,,
twodozen.studio,available,62,1%,9,Mathematics,,,
roughly.studio,available,62,3%,7,"Business,Media,Technology",,,
playacting.studio,available,62,1%,10,Entertainment,,,
orso.studio,available,62,9%,5,"Business,Media,Technology",,,
adjuvant.studio,available,62,5%,8,"Healthcare,Manufacturing,Technology",,,
cumulative.studio,available,62,2%,10,"Banking,Finance,Insurance",,,
pungent.studio,available,62,1%,7,Food and Beverage,,,
chiliad.studio,available,62,2%,7,Mathematics,,,
cxxv.studio,available,60,1%,4,Mathematics,,,
abstainer.studio,available,60,0%,9,"Health and Fitness,Religion",,,
idolized.studio,available,60,3%,8,"Entertainment,Fashion,Retail",,,
clxv.studio,available,60,1%,4,Mathematics,,,
clxx.studio,available,60,3%,4,Mathematics,,,
aboveboard.studio,available,60,5%,10,"Business,Law",,,
annexal.studio,available,60,1%,7,"Agriculture,Manufacturing,Retail",,,
cxlv.studio,available,60,2%,4,Mathematics,,,
cxv.studio,available,60,4%,3,Mathematics,,,
acceptive.studio,available,60,1%,9,"Education,Healthcare",,,
cxxxv.studio,available,60,2%,5,Mathematics,,,
clxxx.studio,available,60,1%,5,Mathematics,,,
abashed.studio,available,60,1%,7,Humanities,,,
clx.studio,available,60,10%,3,Mathematics,,,
adnexal.studio,available,60,1%,7,"Agriculture,Manufacturing,Retail",,,
adnate.studio,available,60,1%,6,"Agriculture,Manufacturing,Retail",,,
cxxx.studio,available,60,4%,4,Mathematics,,,
idolised.studio,available,60,1%,8,"Entertainment,Fashion,Retail",,,
cautionary.studio,available,60,1%,10,"Business,Education,Healthcare",,,
eightysix.studio,available,60,7%,10,Mathematics,,,
xcl.studio,available,60,5%,3,Mathematics,,,
paunchy.studio,available,60,0%,7,"Health and Fitness,Medicine",,,
tertiary.studio,available,60,4%,8,Education,,,
abstemious.studio,available,60,0%,10,"Food and Beverage,Health and Fitness,Hospitality",,,
thou.studio,available,60,7%,4,Mathematics,,,
clxxv.studio,available,60,1%,5,Mathematics,,,
tercet.studio,available,59,2%,6,"Arts,Entertainment,Media",,,
eighter.studio,available,58,2%,7,Mathematics,,,
abridged.studio,available,58,4%,8,Media,,,
actuarial.studio,available,58,8%,9,"Finance,Insurance,Mathematics",,,
tetrad.studio,available,58,5%,6,Mathematics,,,
addible.studio,available,58,2%,7,"Engineering,Mathematics,Science",,,
abused.studio,available,58,5%,6,"Healthcare,Law",,,
lxxviii.studio,available,58,1%,7,Mathematics,,,
pentad.studio,available,58,2%,6,Mathematics,,,
addressed.studio,available,58,3%,9,"Business,Technology,Telecommunications",,,
niner.studio,available,58,5%,5,Mathematics,,,
adjustive.studio,available,58,1%,9,"Manufacturing,Retail,Technology",,,
acyclic.studio,available,58,4%,7,"Engineering,Mathematics,Science",,,
quintet.studio,available,58,8%,7,"Arts,Entertainment",,,
offhanded.studio,available,58,1%,9,Entertainment,,,
sixtyone.studio,available,58,3%,9,Mathematics,,,
sextuplet.studio,available,58,1%,9,Healthcare,,,
hexad.studio,available,58,4%,5,Mathematics,,,
linear.studio,resell,58,22%,6,"Engineering,Mathematics,Science",17/10/2024 17:00,17/10/2025 17:00,"Xiamen ChinaSource Internet Service Co., Ltd"
adient.studio,available,58,4%,6,"Medicine,Science",,,
lxxx.studio,available,58,2%,4,Mathematics,,,
justabout.studio,available,58,3%,10,"Business,Media,Technology",,,
fourscore.studio,available,58,4%,9,Mathematics,,,
sixer.studio,available,58,5%,5,Sports,,,
enwrapped.studio,available,58,0%,9,"Entertainment,Fashion,Media",,,
centesimal.studio,available,58,1%,10,Mathematics,,,
twelfth.studio,available,58,2%,7,Mathematics,,,
accoutred.studio,available,58,1%,9,"Fashion,Manufacturing,Retail",,,
aucourant.studio,available,58,3%,10,"Fashion,Media",,,
heptad.studio,available,58,1%,6,Mathematics,,,
accented.studio,available,58,3%,8,"Arts,Entertainment",,,
closeto.studio,available,58,3%,8,"Business,Media,Technology",,,
acetic.studio,available,58,1%,6,"Food and Beverage,Science",,,
xxxviii.studio,available,56,1%,7,Mathematics,,,
xlvii.studio,available,56,2%,5,Mathematics,,,
maledict.studio,available,56,1%,8,Religion,,,
lvii.studio,available,56,1%,4,Mathematics,,,
admissive.studio,available,56,1%,9,"Education,Healthcare,Hospitality",,,
fortysix.studio,available,56,3%,9,Mathematics,,,
liii.studio,available,56,4%,4,Mathematics,,,
xxxv.studio,available,56,4%,4,Mathematics,,,
xxxiii.studio,available,56,2%,6,Mathematics,,,
xlviii.studio,available,56,1%,6,Mathematics,,,
xxviii.studio,available,56,1%,6,Mathematics,,,
xxix.studio,available,56,4%,4,Mathematics,,,
xxiv.studio,available,56,5%,4,Mathematics,,,
abdominous.studio,available,56,0%,10,"Health and Fitness,Medicine",,,
fiftysix.studio,available,56,4%,9,Mathematics,,,
lvi.studio,available,56,8%,3,Mathematics,,,
admittable.studio,available,56,1%,10,"Education,Healthcare,Hospitality",,,
terzetto.studio,available,56,3%,8,Arts,,,
xxxvi.studio,available,56,1%,5,Mathematics,,,
potbellied.studio,available,56,0%,10,"Health and Fitness,Medicine",,,
xxxiv.studio,available,56,1%,5,Mathematics,,,
accoutered.studio,available,56,0%,10,"Fashion,Manufacturing,Retail",,,
xxxvii.studio,available,56,2%,6,Mathematics,,,
lviii.studio,available,56,1%,5,Mathematics,,,
xlvi.studio,available,56,3%,4,Mathematics,,,
abeyant.studio,available,56,1%,7,"Business,Law",,,
addled.studio,available,56,2%,6,Entertainment,,,
xxxii.studio,available,56,1%,5,Mathematics,,,
admittible.studio,available,56,1%,10,"Education,Healthcare,Hospitality",,,
lii.studio,available,56,7%,3,Mathematics,,,
xli.studio,available,56,5%,3,Mathematics,,,
ilx.studio,available,56,5%,3,Mathematics,,,
appressed.studio,available,56,0%,9,"Agriculture,Manufacturing,Retail",,,
xliii.studio,available,56,1%,5,Mathematics,,,
fiftyfive.studio,available,56,7%,10,Mathematics,,,
xliv.studio,available,56,2%,4,Mathematics,,,
xlv.studio,available,56,6%,3,Mathematics,,,
xlii.studio,available,56,5%,4,Mathematics,,,
quintuplet.studio,available,54,1%,10,"Healthcare,Medicine,Science",,,
aboral.studio,available,54,2%,6,Science,,,
unnatural.studio,available,54,4%,9,"Medicine,Science",,,
achy.studio,available,54,3%,4,Healthcare,,,
abhorrent.studio,available,54,1%,9,Humanities,,,
adpressed.studio,available,54,0%,9,"Agriculture,Manufacturing,Retail",,,
viii.studio,available,54,6%,4,Mathematics,,,
quadruplet.studio,available,54,1%,10,"Healthcare,Medicine,Science",,,
twoscore.studio,available,54,2%,8,Mathematics,,,
abatable.studio,available,54,1%,8,Law,,,
adductive.studio,available,54,0%,9,"Engineering,Mathematics,Science",,,
vii.studio,available,54,13%,3,Mathematics,,,
monitory.studio,available,54,3%,8,"Business,Education,Healthcare",,,
abaxial.studio,available,54,1%,7,Science,,,
abient.studio,available,54,1%,6,Science,,,
adaxial.studio,available,54,2%,7,Science,,,
adjuratory.studio,available,54,0%,10,"Law,Politics,Religion",,,
actuated.studio,available,54,2%,8,"Automotive,Manufacturing,Technology",,,
adducent.studio,available,54,1%,8,"Engineering,Mathematics,Science",,,
scratchy.studio,available,54,3%,8,Fashion,,,
admonitory.studio,available,54,0%,10,"Business,Education,Healthcare",,,
accentual.studio,available,54,3%,9,"Arts,Entertainment",,,
deuceace.studio,available,54,2%,9,Sports,,,
quaternity.studio,available,54,4%,10,Mathematics,,,
quatern.studio,available,54,2%,7,Mathematics,,,
sise.studio,available,54,5%,4,Mathematics,,,
adducting.studio,available,54,1%,9,"Engineering,Mathematics,Science",,,
abducens.studio,available,54,1%,8,Medicine,,,
ternion.studio,available,54,3%,7,Mathematics,,,
abasic.studio,available,54,1%,6,Science,,,
abatic.studio,available,54,1%,6,Science,,,
sestet.studio,available,53,1%,6,Arts,,,
xxx.studio,available,53,30%,3,"Arts,Entertainment,Media",,,
septet.studio,available,53,1%,6,General,,,
ablated.studio,available,52,1%,7,Science,,,
littlejoe.studio,available,52,2%,10,"Entertainment,Media",,,
lxiii.studio,available,52,2%,5,Mathematics,,,
xciv.studio,expiring,52,2%,4,Mathematics,09/09/2020 17:15,09/09/2025 17:15,Tucows Domains Inc.
xcv.studio,available,52,7%,3,Mathematics,,,
xcvi.studio,available,52,2%,4,Mathematics,,,
tierce.studio,available,52,3%,6,General,,,
chagrined.studio,available,52,1%,9,Humanities,,,
abusive.studio,available,52,3%,7,"Healthcare,Law",,,
sixtysix.studio,available,52,4%,9,Mathematics,,,
abstruse.studio,available,52,5%,8,"Humanities,Mathematics,Science",,,
ninetysix.studio,expired,52,4%,10,Mathematics,26/06/2024 18:02,26/06/2025 18:02,"NameCheap, Inc."
xcvii.studio,available,52,1%,5,Mathematics,,,
adenoidal.studio,available,52,1%,9,"Health and Fitness,Medicine,Science",,,
lxxxi.studio,available,52,1%,5,Mathematics,,,
xci.studio,available,52,4%,3,Mathematics,,,
lxxxvi.studio,available,52,1%,6,Mathematics,,,
lxvii.studio,available,52,1%,5,Mathematics,,,
lxxxii.studio,available,52,1%,6,Mathematics,,,
xciii.studio,available,52,1%,5,Mathematics,,,
ixc.studio,available,52,5%,3,Mathematics,,,
lxvi.studio,available,52,3%,4,Mathematics,,,
abysmal.studio,available,52,4%,7,"Arts,Entertainment,Media",,,
lxii.studio,available,52,1%,4,Mathematics,,,
eightyone.studio,available,52,3%,10,Mathematics,,,
lxiv.studio,available,52,3%,4,Mathematics,,,
lxxii.studio,available,52,1%,5,Mathematics,,,
lxxxiv.studio,available,52,1%,6,Mathematics,,,
lxv.studio,available,52,5%,3,Mathematics,,,
lxxvi.studio,available,52,1%,5,Mathematics,,,
decumbent.studio,available,52,1%,9,"Healthcare,Medicine,Science",,,
lxxxiii.studio,available,52,1%,7,Mathematics,,,
aboulic.studio,available,52,1%,7,Medicine,,,
sixtyfive.studio,available,52,3%,10,Mathematics,,,
xcviii.studio,available,52,1%,6,Mathematics,,,
odious.studio,available,52,2%,6,"Entertainment,Humanities",,,
xcii.studio,available,52,2%,4,Mathematics,,,
detestable.studio,available,52,1%,10,Humanities,,,
repugnant.studio,available,52,1%,9,Humanities,,,
lxi.studio,available,52,5%,3,Mathematics,,,
lxxiv.studio,available,52,1%,5,Mathematics,,,
lxxv.studio,available,52,1%,4,Mathematics,,,
lxxvii.studio,available,52,2%,6,Mathematics,,,
lxxiii.studio,available,52,1%,6,Mathematics,,,
lxxxvii.studio,available,52,1%,7,Mathematics,,,
lxviii.studio,available,52,1%,6,Mathematics,,,
lxxxv.studio,available,52,1%,5,Mathematics,,,
vinegary.studio,available,50,1%,8,Food and Beverage,,,
abbatial.studio,available,50,0%,8,Religion,,,
quint.studio,available,50,13%,5,"Arts,Entertainment",,,
abranchial.studio,available,50,0%,10,Science,,,
abomasal.studio,available,50,0%,8,Agriculture,,,
aborticide.studio,available,50,0%,10,Medicine,,,
adhominem.studio,available,50,2%,10,"Humanities,Law,Politics",,,
abducting.studio,available,50,0%,9,Medicine,,,
acerb.studio,available,50,2%,5,Science,,,
spinous.studio,available,50,1%,7,"Agriculture,Science",,,
needlelike.studio,available,50,0%,10,"Engineering,Medicine,Science",,,
acerose.studio,available,50,1%,7,Science,,,
gillless.studio,available,50,0%,9,Science,,,
acetose.studio,available,50,1%,7,Science,,,
acaudal.studio,available,50,1%,7,"Agriculture,Science",,,
aculeated.studio,available,50,0%,9,"Engineering,Medicine,Science",,,
acapnic.studio,available,50,0%,7,"Healthcare,Medicine,Science",,,
acerbic.studio,available,50,2%,7,"Arts,Humanities,Media",,,
adactylous.studio,available,50,0%,10,Science,,,
scummy.studio,available,50,1%,6,Humanities,,,
abactinal.studio,available,50,0%,9,Science,,,
triplet.studio,available,50,8%,7,Science,,,
broached.studio,available,50,0%,8,Food and Beverage,,,
ogdoad.studio,available,50,1%,6,Mathematics,,,
acquitted.studio,available,50,1%,9,Law,,,
acapnotic.studio,available,50,0%,9,"Healthcare,Medicine,Science",,,
acellular.studio,available,50,1%,9,Science,,,
lxx.studio,available,50,5%,3,Mathematics,,,
cinque.studio,available,50,7%,6,Mathematics,,,
acetous.studio,available,50,1%,7,Science,,,
abdicable.studio,available,50,0%,9,Law,,,
execrable.studio,available,48,0%,9,"Entertainment,Humanities",,,
lxxxviii.studio,available,48,1%,8,Mathematics,,,
ilxxx.studio,available,48,1%,5,Mathematics,,,
abstracted.studio,available,48,5%,10,"Arts,Humanities,Science",,,
ilxx.studio,available,48,1%,4,Mathematics,,,
acephalous.studio,available,46,1%,10,Science,,,
acaudate.studio,available,46,1%,8,"Agriculture,Science",,,
acarpelous.studio,available,46,0%,10,"Agriculture,Science",,,
stemless.studio,available,46,2%,8,"Agriculture,Science",,,
acetabular.studio,available,46,1%,10,Science,,,
acetylic.studio,available,46,1%,8,Science,,,
acheronian.studio,available,46,1%,10,Humanities,,,
stripling.studio,available,46,2%,9,"Education,Entertainment,Healthcare",,,
achenial.studio,available,46,1%,8,Science,,,
acetylenic.studio,available,46,1%,10,Science,,,
acanthotic.studio,available,46,0%,10,"Agriculture,Science",,,
acapnial.studio,available,46,0%,8,"Healthcare,Medicine,Science",,,
theabsurd.studio,available,46,1%,10,"Arts,Entertainment,Media",,,
achromic.studio,available,46,2%,8,Science,,,
achromous.studio,available,46,1%,9,Science,,,
quaternary.studio,available,46,3%,10,Mathematics,,,
vinegarish.studio,available,46,1%,10,Food and Beverage,,,
cotyloid.studio,available,46,1%,8,Science,,,
acicular.studio,available,46,2%,8,Science,,,
acanthous.studio,available,46,0%,9,"Agriculture,Science",,,
acarpous.studio,available,46,0%,8,"Agriculture,Science",,,
acetonic.studio,available,46,1%,8,Science,,,
acanthoid.studio,available,46,1%,9,"Agriculture,Science",,,
cotyloidal.studio,available,44,1%,10,Science,,,
acherontic.studio,available,44,1%,10,Humanities,,,
accusatory.studio,available,44,1%,10,Law,,,
abscessed.studio,available,41,0%,9,Healthcare,,,
accurst.studio,available,40,1%,7,Religion,,,
scurrilous.studio,available,40,1%,10,"Entertainment,Media,Politics",,,
accusive.studio,available,40,1%,8,Law,,,